{
  "PlayerList": [
    {
      "Row": 0,
      "Name": "Aalbue",
      "ReceiverID": 890101,
      "ReceiverType": "C",
      "EmailAddress": "",
      "CellPhoneNumber": "",
      "ProfileImage": "http://frontrushrails.agilecollab.com/userfiles/WarBoardImage/default_contact_warboard.png"
    },
    {
      "Row": 1,
      "Name": "Aanerud",
      "ReceiverID": 889881,
      "ReceiverType": "C",
      "EmailAddress": "",
      "CellPhoneNumber": "",
      "ProfileImage": "http://frontrushrails.agilecollab.com/userfiles/WarBoardImage/default_contact_warboard.png"
    },
    {
      "Row": 2,
      "Name": "Aanerud",

      "ReceiverID": 893677,
      "ReceiverType": "C",
      "EmailAddress": "",
      "CellPhoneNumber": "",
      "ProfileImage": "http://frontrushrails.agilecollab.com/userfiles/WarBoardImage/default_contact_warboard.png"
    },
    {
      "Row": 3,
      "Name": "Aanerud",
      "ReceiverID": 890691,
      "ReceiverType": "C",
      "EmailAddress": "",
      "CellPhoneNumber": "",
      "ProfileImage": "http://frontrushrails.agilecollab.com/userfiles/WarBoardImage/default_contact_warboard.png"
    },
    {
      "Row": 4,
      "Name": "Aatest",
      "ReceiverID": 890111,
      "ReceiverType": "C",
      "EmailAddress": "",
      "CellPhoneNumber": "",
      "ProfileImage": "http://frontrushrails.agilecollab.com/userfiles/WarBoardImage/default_contact_warboard.png"
    },
    {
      "Row": 5,
      "Name": "Aatest",
      "ReceiverID": 890114,
      "ReceiverType": "C",
      "EmailAddress": "",
      "CellPhoneNumber": "",
      "ProfileImage": "http://frontrushrails.agilecollab.com/userfiles/WarBoardImage/default_contact_warboard.png"
    },
    {
      "Row": 6,
      "Name": "Aatest",
      "ReceiverID": 890115,
      "ReceiverType": "C",
      "EmailAddress": "",
      "CellPhoneNumber": "",
      "ProfileImage": "http://frontrushrails.agilecollab.com/userfiles/WarBoardImage/default_contact_warboard.png"
    },
    {
      "Row": 7,
      "Name": "Aatest",
      "ReceiverID": 890116,
      "ReceiverType": "C",
      "EmailAddress": "",
      "CellPhoneNumber": "",
      "ProfileImage": "http://frontrushrails.agilecollab.com/userfiles/WarBoardImage/default_contact_warboard.png"
    },
    {
      "Row": 8,
      "Name": "Aatest",
      "ReceiverID": 894602,
      "ReceiverType": "C",
      "EmailAddress": "",
      "CellPhoneNumber": "",
      "ProfileImage": "http://frontrushrails.agilecollab.com/userfiles/WarBoardImage/default_contact_warboard.png"
    },
    {
      "Row": 9,
      "Name": "Aatest",
      "ReceiverID": 894604,
      "ReceiverType": "C",
      "EmailAddress": "",
      "CellPhoneNumber": "",
      "ProfileImage": "http://frontrushrails.agilecollab.com/userfiles/WarBoardImage/default_contact_warboard.png"
    }
  ]
}
